<?xml version="1.0"?>
<data grt_format="2.0">
  <value _ptr_="0000026B31318F50" type="list" content-type="object" content-struct-name="db.mgmt.Connection">
    <value type="object" struct-name="db.mgmt.Connection" id="{B2DCAC9C-B4F9-455A-AE5F-FA51F1AF355B}" struct-checksum="0x96ba47d8">
      <link type="object" struct-name="db.mgmt.Driver" key="driver">com.mysql.rdbms.mysql.driver.native</link>
      <value type="string" key="hostIdentifier">Mysql@localhost:3306</value>
      <value type="int" key="isDefault">0</value>
      <value _ptr_="0000026B2AC4E930" type="dict" key="modules"/>
      <value _ptr_="0000026B2AC4F890" type="dict" key="parameterValues">
        <value type="string" key="DbSqlEditor:LastDefaultSchema">ondetem</value>
        <value type="string" key="SQL_MODE"></value>
        <value type="string" key="hostName">localhost</value>
        <value type="int" key="lastConnected">1620073129</value>
        <value type="string" key="password"></value>
        <value type="int" key="port">3306</value>
        <value type="string" key="schema"></value>
        <value type="string" key="serverVersion">8.0.17</value>
        <value type="string" key="sslCA"></value>
        <value type="string" key="sslCert"></value>
        <value type="string" key="sslCipher"></value>
        <value type="string" key="sslKey"></value>
        <value type="int" key="useSSL">1</value>
        <value type="string" key="userName">root</value>
      </value>
      <value type="string" key="name">Local instance MySQL80</value>
      <link type="object" struct-name="GrtObject" key="owner">{2C5796FA-3E13-4F93-9040-F6EF95FA827E}</link>
    </value>
    <value type="object" struct-name="db.mgmt.Connection" id="{25DC7D0C-110F-4E40-9A5F-B7645AED87BE}" struct-checksum="0x96ba47d8">
      <link type="object" struct-name="db.mgmt.Driver" key="driver">com.mysql.rdbms.mysql.driver.native</link>
      <value type="string" key="hostIdentifier">Mysql@127.0.0.1:3306</value>
      <value type="int" key="isDefault">0</value>
      <value _ptr_="0000026B2AC4F710" type="dict" key="modules"/>
      <value _ptr_="0000026B2AC4F7D0" type="dict" key="parameterValues">
        <value type="string" key="DbSqlEditor:LastDefaultSchema">ondetem</value>
        <value type="string" key="SQL_MODE"></value>
        <value type="string" key="hostName">127.0.0.1</value>
        <value type="int" key="lastConnected">1644580438</value>
        <value type="string" key="password"></value>
        <value type="int" key="port">3306</value>
        <value type="string" key="schema"></value>
        <value type="string" key="serverVersion">8.0.17</value>
        <value type="string" key="sslCA"></value>
        <value type="string" key="sslCert"></value>
        <value type="string" key="sslCipher"></value>
        <value type="string" key="sslKey"></value>
        <value type="int" key="useSSL">1</value>
        <value type="string" key="userName">root</value>
      </value>
      <value type="string" key="name">Local OndeTem</value>
      <link type="object" struct-name="GrtObject" key="owner">{2C5796FA-3E13-4F93-9040-F6EF95FA827E}</link>
    </value>
    <value type="object" struct-name="db.mgmt.Connection" id="{1087AA5A-9EE4-419C-83D4-32FB5FBE7E26}" struct-checksum="0x96ba47d8">
      <link type="object" struct-name="db.mgmt.Driver" key="driver">com.mysql.rdbms.mysql.driver.native</link>
      <value type="string" key="hostIdentifier">Mysql@160.153.73.162:3306</value>
      <value type="int" key="isDefault">0</value>
      <value _ptr_="0000026B2AC4F290" type="dict" key="modules"/>
      <value _ptr_="0000026B2AC4EB70" type="dict" key="parameterValues">
        <value type="string" key="DbSqlEditor:LastDefaultSchema">ondetem</value>
        <value type="string" key="SQL_MODE"></value>
        <value type="string" key="hostName">160.153.73.162</value>
        <value type="int" key="lastConnected">1625503244</value>
        <value type="string" key="password"></value>
        <value type="int" key="port">3306</value>
        <value type="string" key="schema"></value>
        <value type="string" key="serverVersion">5.6.51-cll-lve</value>
        <value type="string" key="sslCA"></value>
        <value type="string" key="sslCert"></value>
        <value type="string" key="sslCipher"></value>
        <value type="string" key="sslKey"></value>
        <value type="int" key="useSSL">1</value>
        <value type="string" key="userName">ondetemAdm</value>
      </value>
      <value type="string" key="name">ot - godaddy</value>
      <link type="object" struct-name="GrtObject" key="owner">{2C5796FA-3E13-4F93-9040-F6EF95FA827E}</link>
    </value>
    <value type="object" struct-name="db.mgmt.Connection" id="{2B716371-4C4B-42A7-AF81-318807F19EEF}" struct-checksum="0x96ba47d8">
      <link type="object" struct-name="db.mgmt.Driver" key="driver">com.mysql.rdbms.mysql.driver.native</link>
      <value type="string" key="hostIdentifier">Mysql@127.0.0.1:3306</value>
      <value type="int" key="isDefault">0</value>
      <value _ptr_="0000026B2AC4EBD0" type="dict" key="modules"/>
      <value _ptr_="0000026B2AC4EC30" type="dict" key="parameterValues">
        <value type="string" key="DbSqlEditor:LastDefaultSchema">cidadania</value>
        <value type="string" key="SQL_MODE"></value>
        <value type="string" key="hostName">127.0.0.1</value>
        <value type="int" key="lastConnected">1635269797</value>
        <value type="string" key="password"></value>
        <value type="int" key="port">3306</value>
        <value type="string" key="schema">cidadania</value>
        <value type="string" key="serverVersion">8.0.17</value>
        <value type="string" key="sslCA"></value>
        <value type="string" key="sslCert"></value>
        <value type="string" key="sslCipher"></value>
        <value type="string" key="sslKey"></value>
        <value type="int" key="useSSL">1</value>
        <value type="string" key="userName">root</value>
      </value>
      <value type="string" key="name">Cidadania</value>
      <link type="object" struct-name="GrtObject" key="owner">{2C5796FA-3E13-4F93-9040-F6EF95FA827E}</link>
    </value>
    <value type="object" struct-name="db.mgmt.Connection" id="{808C063C-509A-45AF-A9DE-C15B01D01FAF}" struct-checksum="0x96ba47d8">
      <link type="object" struct-name="db.mgmt.Driver" key="driver">com.mysql.rdbms.mysql.driver.native</link>
      <value type="string" key="hostIdentifier">Mysql@127.0.0.1:3306</value>
      <value type="int" key="isDefault">0</value>
      <value _ptr_="0000026B2AC4ECF0" type="dict" key="modules"/>
      <value _ptr_="0000026B2AC4F2F0" type="dict" key="parameterValues">
        <value type="string" key="DbSqlEditor:LastDefaultSchema">myidol</value>
        <value type="string" key="SQL_MODE"></value>
        <value type="string" key="hostName">127.0.0.1</value>
        <value type="int" key="lastConnected">1660066076</value>
        <value type="string" key="password"></value>
        <value type="int" key="port">3306</value>
        <value type="string" key="schema">myidol</value>
        <value type="string" key="serverVersion">8.0.17</value>
        <value type="string" key="sslCA"></value>
        <value type="string" key="sslCert"></value>
        <value type="string" key="sslCipher"></value>
        <value type="string" key="sslKey"></value>
        <value type="int" key="useSSL">1</value>
        <value type="string" key="userName">root</value>
      </value>
      <value type="string" key="name">MyIdol</value>
      <link type="object" struct-name="GrtObject" key="owner">{2C5796FA-3E13-4F93-9040-F6EF95FA827E}</link>
    </value>
    <value type="object" struct-name="db.mgmt.Connection" id="{23A2AAF2-F2E7-4682-977C-DCE90C8DB3FE}" struct-checksum="0x96ba47d8">
      <link type="object" struct-name="db.mgmt.Driver" key="driver">com.mysql.rdbms.mysql.driver.native</link>
      <value type="string" key="hostIdentifier">Mysql@127.0.0.1:3306</value>
      <value type="int" key="isDefault">1</value>
      <value _ptr_="0000026B2AC4EDB0" type="dict" key="modules"/>
      <value _ptr_="0000026B2AC4F950" type="dict" key="parameterValues">
        <value type="string" key="DbSqlEditor:LastDefaultSchema">mymemory</value>
        <value type="string" key="SQL_MODE"></value>
        <value type="string" key="hostName">127.0.0.1</value>
        <value type="int" key="lastConnected">1660729560</value>
        <value type="string" key="password"></value>
        <value type="int" key="port">3306</value>
        <value type="string" key="schema"></value>
        <value type="string" key="serverVersion">8.0.17</value>
        <value type="string" key="sslCA"></value>
        <value type="string" key="sslCert"></value>
        <value type="string" key="sslCipher"></value>
        <value type="string" key="sslKey"></value>
        <value type="int" key="useSSL">1</value>
        <value type="string" key="userName">root</value>
      </value>
      <value type="string" key="name">mymemory</value>
      <link type="object" struct-name="GrtObject" key="owner">{2C5796FA-3E13-4F93-9040-F6EF95FA827E}</link>
    </value>
  </value>
</data>
